Time,Gyro_x,Gyro_y,Gyro_z
0.0,0.5774304743677404,0.42298067236240966,0.23728425933575992
0.0,0.9107016129359232,0.9311358984108814,0.25168950390880196
